Athens, Greece
Beijing, China
Jaipur, India
Bergen, Norway
Marrakesh, Morocco
Dublin, Ireland
Cartagena, Colombia
Bangkok, Thailand
San Sebastian, Spain
Dubrovnik, Croatia
Seoul, South Korea
San Miguel de Allende, Mexico
Queenstown, New Zealand
Hanoi, Vietnam
Berlin, Germany
St. Petersburg, Russia
Cusco, Peru
Zurich, Switzerland
Quito, Ecuador
Edinburgh, Scotland
Jerusalem, Israel
Dubai, United Arab Emirates
Havana, Cuba
Madrid, Spain
Bruges, Belgium
Chicago, Illinois
Hong Kong, China
Quebec City, Canada
San Diego, California
Toronto, Canada
Buenos Aires, Argentina
Vienna, Austria
Tokyo, Japan
Istanbul, Turkey
Budapest, Hungary
Rio de Janeiro, Brazil
Prague, Czech Republic
Amsterdam, The Netherlands
Lisbon, Portugal
Singapore
Rome, Italy
Sydney, Australia
San Francisco, California
Cape Town, South Africa
Barcelona, Spain
Vancouver, Canada
Venice, Italy
London, England
New York, New York, USA
Paris, France
Doha, Qatar
Amsterdam, Netherlands
Venice, Italy
Kyoto, Japan
Sydney, Australia
San Miguel de Allende, Mexico
Havana, Cuba
Beirut, Lebanon
Luang Prabang, Laos
Florence, Italy
Copenhagen, Denmark
Krakow, Poland
Bruges, Belgium
Busan, South Korea
Dubrovnik, Croatia
Cartagena, Colombia
Edinburgh, Scotland
Québec City, Canada
Hamburg, Germany
Jaipur, India
Queenstown, New Zealand
Muscat, Oman
Chefchaouen, Morocco
Charleston, South Carolina
Seville, Spain
Isfahan, Iran
Shanghai, China
St Petersburg, Russia
Vancouver, Canada
Tallinn, Estonia
Vienna, Austria
Lucerne, Switzerland
Santa Fe, New Mexico
Bath, England
Essaouria, Morocco
Sedona, Arizona
Zermatt, Switzerland
Stockholm, Sweden
Ubud, Bali
Old San Juan, Puerto Rico
Swakopmund, Namibia
Stone Town, Zanzibar
Essaouira, Morocco
Banff, Canada
Asheville, North Carolina
Wilmington, North Carolina
Melbourne, Australia
Singapore, Singapore
Toronto, Canada
Dubrovnik, Croatia
Marrakesh, Morocco
Tulum, Mexico
Shirakawa-go, Japan
Wanaka, New Zealand
Jajce, Bosnia and Herzegovina
St Ives, United Kingdom
Ko Phi Phi, Thailand
Paraty, Brazil
Stepantsminda, Georgia
Sicily, Italy
Hallstatt, Austria
Furnas, The Azores
Rothenburg ob der Tauber, Germany
Suzdal, Russia
Eze, France
Port Douglas, Australia
Simiane-la-Rotonde, France
Rincón, Puerto Rico
Alberobello, Italy
Colmar, France
Deadwood, South Dakota
Bibury, England
Göreme, Turkey
Zhouzhuang, China
Camden, Maine
Gokayama Historic Village, Japan
Procida, Italy
Bled, Slovenia
Positano, Italy
Lagos, Portugal
Valldemossa, Spain
Niagara-on-the-Lake, Canada
Willemstad, Curaçao
Znojmo, Czech Republic
Tobermory, Scotland
Parga, Greece
Lunenburg, Canada
Ráquira, Colombia
Frigiliana, Spain
Diessenhofen, Switzerland
Marsaxlokk, Malta
Visby, Sweden
Kinsale, Ireland
Penglipuran, Indonesia
Paraty, Brazil
Port Fairy, Australia
Kotor, Montenegro
Troyes, France
Sapa, Vietnam
Iruya, Argentina
Trogir, Croatia
Stykkishólmur, Iceland
Manarola, Italy
Hamnøy, Norway
Rye, England
Ubud, Indonesia
Cudillero, Spain
Trinidad, Cuba
Picton, New Zealand
Albarracín, Spain
Helen, Georgia